record_id,product_category,event_type,store_location,storage_condition,shelf_life_days,days_before_expiry,initial_stock,expected_daily_sales,actual_daily_sales,total_actual_sales,price_per_unit,supplier_reliability,temperature_deviation,historical_waste_rate,promotion_active,day_of_week,month,weather_score,waste_units,waste_percentage,financial_loss
1,Bakery,Normal,Rural,Room_Temperature,2,1,30,24,13,13,5848,0.84,0.16,0.151,1,5,1,5,9,0.3,52632
2,Frozen,Normal,Residential_Area,Frozen,31,25,828,32,18,450,35379,0.69,3.82,0.038,0,3,6,5,51,0.0616,1804329
3,Snacks,Normal,Near_Transport_Hub,Refrigerated,130,76,8892,94,114,8664,17601,0.88,0.23,0.033,1,1,4,1,14,0.0016,246414
4,Meat,Normal,Suburban,Frozen,7,6,526,76,57,342,90010,0.89,0.82,0.167,0,6,12,5,35,0.0665,3150350
5,Seafood,Long_Weekend,Rural,Controlled_Atmosphere,3,1,43,30,15,15,107490,0.69,0.5,0.271,0,2,5,2,15,0.3488,1612350
6,Ready_to_Eat,Mudik_Lebaran,Residential_Area,Controlled_Atmosphere,2,1,10,10,6,6,13087,0.94,0.15,0.199,0,5,2,4,7,0.7,91609
7,Fruits,Promo_Besar,Urban_Center,Refrigerated,7,6,573,89,109,573,64470,0.6,3.61,0.136,0,7,3,5,2,0.0035,128940
8,Snacks,Ramadan,Suburban,Frozen,157,42,7408,139,114,4788,5037,0.84,2.44,0.031,0,7,5,2,340,0.0459,1712580
9,Bakery,Natal_Tahun_Baru,Urban_Center,Room_Temperature,2,1,122,110,102,102,22876,0.77,1.06,0.205,0,2,12,3,10,0.082,228760
10,Beverages,Hari_Raya_Idul_Adha,Near_Transport_Hub,Refrigerated,156,58,852,10,9,522,20080,0.84,0.04,0.034,1,1,1,3,25,0.0293,502000
11,Beverages,Normal,Suburban,Controlled_Atmosphere,154,122,6184,54,61,6184,33249,0.74,0.41,0.037,1,6,11,1,0,0.0,0
12,Seafood,Normal,Residential_Area,Controlled_Atmosphere,2,1,29,30,37,29,44761,0.78,0.86,0.227,1,5,1,1,1,0.0345,44761
13,Frozen,Mudik_Lebaran,Suburban,Controlled_Atmosphere,45,11,259,18,13,143,74638,0.71,0.7,0.057,0,6,12,4,17,0.0656,1268846
14,Ready_to_Eat,Natal_Tahun_Baru,Urban_Center,Frozen,1,1,168,133,169,168,44807,0.66,4.8,0.187,1,5,2,2,4,0.0238,179228
15,Seafood,Pasca_Mudik,Urban_Center,Refrigerated,4,3,477,155,177,477,93358,0.68,3.58,0.186,0,6,11,3,0,0.0,0
16,Dairy,Mudik_Lebaran,Residential_Area,Refrigerated,4,3,46,14,16,46,27872,0.95,4.4,0.138,1,7,9,3,5,0.1087,139360
17,Snacks,Normal,Residential_Area,Frozen,179,170,4377,27,22,3740,12564,0.96,3.71,0.032,1,2,12,3,81,0.0185,1017684
18,Snacks,Mudik_Lebaran,Urban_Center,Refrigerated,141,109,1933,14,12,1308,13573,0.85,1.31,0.046,0,4,9,1,108,0.0559,1465884
19,Meat,Pasca_Mudik,Rural,Room_Temperature,5,2,60,24,18,36,124349,0.99,0.2,0.165,0,6,2,3,7,0.1167,870443
20,Ready_to_Eat,Natal_Tahun_Baru,Suburban,Room_Temperature,1,1,22,18,15,15,61274,0.97,4.01,0.305,0,3,3,1,6,0.2727,367644
21,Seafood,Normal,Near_Transport_Hub,Frozen,3,1,29,30,21,21,111051,0.71,0.35,0.256,0,5,7,5,4,0.1379,444204
22,Meat,Ramadan,Rural,Refrigerated,2,1,90,88,47,47,99457,0.99,0.58,0.223,1,1,12,4,20,0.2222,1989140
23,Seafood,Normal,Urban_Center,Frozen,3,1,56,48,51,51,110506,0.76,1.48,0.171,0,4,11,2,5,0.0893,552530
24,Dairy,Normal,Suburban,Controlled_Atmosphere,12,10,925,86,69,690,49277,0.69,0.47,0.186,0,2,11,1,51,0.0551,2513127
25,Vegetables,Normal,Suburban,Frozen,3,1,21,22,16,16,34138,0.84,3.84,0.136,0,5,4,4,6,0.2857,204828
26,Dairy,Hari_Raya_Idul_Adha,Urban_Center,Controlled_Atmosphere,6,2,122,59,46,92,21331,0.97,0.12,0.117,0,5,9,5,12,0.0984,255972
27,Ready_to_Eat,Long_Weekend,Residential_Area,Controlled_Atmosphere,3,2,63,23,15,30,26986,0.9,0.84,0.217,0,4,11,2,15,0.2381,404790
28,Seafood,Normal,Rural,Refrigerated,2,1,35,37,23,23,81086,0.63,2.04,0.226,0,2,7,4,9,0.2571,729774
29,Dairy,Hari_Raya_Idul_Adha,Residential_Area,Controlled_Atmosphere,10,1,39,30,21,21,32460,0.82,0.73,0.177,0,4,4,3,6,0.1538,194760
30,Frozen,Natal_Tahun_Baru,Near_Transport_Hub,Room_Temperature,166,7,807,99,118,807,26003,0.86,0.68,0.049,1,4,6,2,3,0.0037,78009
31,Fruits,Natal_Tahun_Baru,Near_Transport_Hub,Frozen,4,2,38,21,29,38,50870,0.69,0.34,0.153,1,1,4,2,1,0.0263,50870
32,Meat,Mudik_Lebaran,Urban_Center,Room_Temperature,5,3,84,19,19,57,118032,0.89,3.89,0.144,0,5,1,3,21,0.25,2478672
33,Frozen,Back_to_School,Suburban,Refrigerated,92,14,2465,142,120,1680,93697,0.92,3.98,0.052,1,5,7,3,110,0.0446,10306670
34,Frozen,Long_Weekend,Urban_Center,Controlled_Atmosphere,122,82,5638,51,53,4346,83386,0.99,0.27,0.059,0,4,8,4,117,0.0208,9756162
35,Seafood,Long_Weekend,Urban_Center,Frozen,4,1,75,49,67,67,113184,0.61,4.25,0.178,1,7,5,3,6,0.08,679104
36,Snacks,Normal,Suburban,Refrigerated,90,53,3854,73,74,3854,36201,0.86,2.45,0.047,1,2,7,2,3,0.0008,108603
37,Snacks,Pasca_Mudik,Near_Transport_Hub,Frozen,105,90,9995,111,109,9810,12907,0.89,1.58,0.046,0,6,3,2,17,0.0017,219419
38,Ready_to_Eat,Promo_Besar,Residential_Area,Frozen,1,1,80,83,88,80,10927,0.88,0.63,0.182,1,3,12,2,0,0.0,0
39,Dairy,Pasca_Mudik,Near_Transport_Hub,Controlled_Atmosphere,10,6,420,70,66,396,36308,0.65,0.07,0.149,0,6,1,2,5,0.0119,181540
40,Bakery,Promo_Besar,Urban_Center,Controlled_Atmosphere,5,2,363,144,186,363,12743,0.94,0.99,0.177,0,5,12,1,1,0.0028,12743
41,Fruits,Ramadan,Suburban,Room_Temperature,5,1,38,36,36,36,66592,0.72,1.16,0.135,0,4,2,2,5,0.1316,332960
42,Ready_to_Eat,Ramadan,Suburban,Controlled_Atmosphere,1,1,118,118,75,75,19321,0.63,0.17,0.221,0,5,5,4,26,0.2203,502346
43,Frozen,Back_to_School,Residential_Area,Controlled_Atmosphere,142,21,2050,91,84,1764,57247,0.84,0.03,0.042,0,7,10,5,26,0.0127,1488422
44,Fruits,Pasca_Mudik,Suburban,Controlled_Atmosphere,10,5,381,71,55,275,69451,0.99,0.47,0.113,0,1,3,3,14,0.0367,972314
45,Frozen,Long_Weekend,Residential_Area,Refrigerated,146,23,779,31,21,483,67976,0.95,4.12,0.035,0,4,7,1,49,0.0629,3330824
46,Beverages,Natal_Tahun_Baru,Suburban,Frozen,311,68,5693,71,65,4420,12957,0.61,3.15,0.035,0,3,9,1,150,0.0263,1943550
47,Beverages,Back_to_School,Suburban,Controlled_Atmosphere,179,131,19073,118,117,15327,35947,0.7,0.55,0.028,0,5,12,2,234,0.0123,8411598
48,Vegetables,Back_to_School,Residential_Area,Frozen,2,1,79,70,47,47,46249,0.8,0.74,0.143,0,5,9,4,8,0.1013,369992
49,Seafood,Pasca_Mudik,Suburban,Controlled_Atmosphere,1,1,166,136,153,153,126208,1.0,0.79,0.24,1,1,3,5,3,0.0181,378624
50,Beverages,Normal,Near_Transport_Hub,Refrigerated,103,53,5421,110,98,5194,22368,0.74,3.46,0.033,0,7,11,5,31,0.0057,693408
51,Beverages,Hari_Raya_Idul_Adha,Urban_Center,Refrigerated,150,74,2492,25,32,2368,11451,0.9,3.52,0.023,1,3,1,1,15,0.006,171765
52,Vegetables,Mudik_Lebaran,Suburban,Controlled_Atmosphere,6,2,29,10,10,20,28070,0.85,0.24,0.175,1,4,11,3,6,0.2069,168420
53,Fruits,Ramadan,Suburban,Refrigerated,10,6,901,117,92,552,37780,0.78,1.51,0.156,0,1,4,4,75,0.0832,2833500
54,Fruits,Normal,Near_Transport_Hub,Frozen,3,1,117,95,118,117,42512,0.91,1.15,0.142,1,2,10,3,5,0.0427,212560
55,Meat,Ramadan,Urban_Center,Frozen,5,1,113,119,133,113,139226,0.72,3.74,0.145,1,5,6,5,1,0.0088,139226
56,Fruits,Back_to_School,Near_Transport_Hub,Frozen,8,7,195,30,26,182,34571,0.94,3.62,0.155,0,7,9,3,4,0.0205,138284
57,Snacks,Normal,Rural,Frozen,134,98,9891,107,71,6958,20323,0.79,3.1,0.051,0,5,4,1,360,0.0364,7316280
58,Fruits,Ramadan,Urban_Center,Room_Temperature,3,1,81,86,85,81,35775,0.95,0.68,0.117,0,6,12,5,1,0.0123,35775
59,Frozen,Ramadan,Near_Transport_Hub,Controlled_Atmosphere,101,5,748,139,157,748,45947,0.94,0.1,0.056,0,6,6,1,0,0.0,0
60,Beverages,Normal,Suburban,Refrigerated,55,51,2229,46,50,2229,42000,0.68,4.15,0.031,0,7,4,3,4,0.0018,168000
61,Dairy,Normal,Suburban,Room_Temperature,11,5,168,27,20,100,13637,0.61,3.95,0.126,0,2,5,1,17,0.1012,231829
62,Bakery,Mudik_Lebaran,Rural,Refrigerated,4,3,52,17,10,30,28664,0.96,3.29,0.176,0,1,1,4,13,0.25,372632
63,Beverages,Natal_Tahun_Baru,Near_Transport_Hub,Refrigerated,71,42,4750,119,100,4200,45915,0.85,2.74,0.027,0,5,5,4,63,0.0133,2892645
64,Bakery,Hari_Raya_Idul_Adha,Residential_Area,Room_Temperature,4,2,73,22,12,24,16065,0.77,0.48,0.191,0,3,3,4,25,0.3425,401625
65,Frozen,Normal,Rural,Room_Temperature,172,16,1799,100,71,1136,31021,0.76,4.37,0.063,0,6,1,3,104,0.0578,3226184
66,Snacks,Normal,Near_Transport_Hub,Room_Temperature,168,28,1788,61,62,1736,23256,0.83,4.04,0.048,0,7,10,5,11,0.0062,255816
67,Fruits,Normal,Rural,Frozen,8,3,22,8,5,15,57531,0.63,3.7,0.154,1,5,4,4,3,0.1364,172593
68,Fruits,Natal_Tahun_Baru,Residential_Area,Refrigerated,3,1,47,52,27,27,15693,0.71,3.31,0.119,0,3,4,5,8,0.1702,125544
69,Ready_to_Eat,Mudik_Lebaran,Rural,Refrigerated,1,1,32,28,12,12,71952,0.68,0.69,0.213,0,1,8,4,20,0.625,1439040
70,Seafood,Pasca_Mudik,Rural,Refrigerated,4,3,84,26,15,45,45411,0.94,2.88,0.23,0,4,5,1,13,0.1548,590343
71,Ready_to_Eat,Mudik_Lebaran,Rural,Refrigerated,2,1,19,15,8,8,15154,0.76,1.55,0.226,0,2,2,5,9,0.4737,136386
72,Vegetables,Normal,Suburban,Room_Temperature,2,1,41,36,29,29,45959,0.63,4.76,0.151,0,5,10,4,10,0.2439,459590
73,Ready_to_Eat,Normal,Rural,Room_Temperature,2,1,69,68,44,44,28001,0.84,1.76,0.186,0,1,1,3,8,0.1159,224008
74,Ready_to_Eat,Ramadan,Near_Transport_Hub,Controlled_Atmosphere,3,1,130,116,149,130,22336,0.73,0.48,0.198,1,1,6,1,1,0.0077,22336
75,Beverages,Promo_Besar,Residential_Area,Room_Temperature,216,96,10104,87,70,6720,49492,0.84,3.95,0.033,1,1,9,4,421,0.0417,20836132
76,Ready_to_Eat,Hari_Raya_Idul_Adha,Rural,Refrigerated,3,1,44,29,18,18,53393,0.76,2.98,0.316,0,4,11,3,22,0.5,1174646
77,Snacks,Normal,Near_Transport_Hub,Frozen,62,24,993,42,58,993,36868,0.68,5.0,0.032,1,7,2,5,4,0.004,147472
78,Dairy,Ramadan,Residential_Area,Room_Temperature,12,7,319,37,41,287,45942,0.92,0.83,0.144,0,6,12,2,11,0.0345,505362
79,Beverages,Normal,Suburban,Frozen,270,100,6881,61,36,3600,33874,0.78,1.41,0.028,0,2,4,5,241,0.035,8163634
80,Beverages,Hari_Raya_Idul_Adha,Residential_Area,Refrigerated,294,64,1660,23,19,1216,34446,0.96,0.74,0.029,0,2,8,3,34,0.0205,1171164
81,Snacks,Normal,Near_Transport_Hub,Refrigerated,107,29,326,12,11,319,26973,0.92,0.69,0.035,0,6,3,4,0,0.0,0
82,Dairy,Normal,Suburban,Controlled_Atmosphere,4,2,66,36,20,40,32513,0.86,0.62,0.111,0,4,10,5,7,0.1061,227591
83,Meat,Normal,Urban_Center,Frozen,3,2,65,35,35,65,147749,0.74,4.77,0.185,0,5,9,1,5,0.0769,738745
84,Frozen,Promo_Besar,Rural,Refrigerated,121,101,3976,33,27,2727,97346,0.64,2.91,0.058,1,3,9,3,140,0.0352,13628440
85,Beverages,Promo_Besar,Near_Transport_Hub,Room_Temperature,99,9,970,110,98,882,18072,0.95,1.58,0.027,0,7,9,4,6,0.0062,108432
86,Fruits,Normal,Urban_Center,Frozen,7,1,58,55,42,42,62637,0.96,1.93,0.154,0,4,6,5,5,0.0862,313185
87,Bakery,Mudik_Lebaran,Suburban,Frozen,3,1,8,7,5,5,17611,0.84,2.13,0.223,0,1,12,3,6,0.75,105666
88,Dairy,Normal,Near_Transport_Hub,Frozen,11,3,37,11,11,33,33716,0.61,0.34,0.175,0,4,10,1,2,0.0541,67432
89,Vegetables,Mudik_Lebaran,Urban_Center,Room_Temperature,6,3,80,22,23,69,10434,0.61,0.93,0.141,0,1,5,3,8,0.1,83472
90,Fruits,Natal_Tahun_Baru,Near_Transport_Hub,Room_Temperature,4,1,36,29,35,35,63341,1.0,4.05,0.154,0,6,6,1,2,0.0556,126682
91,Meat,Natal_Tahun_Baru,Suburban,Frozen,6,2,114,47,50,100,51029,0.92,0.13,0.186,0,7,9,2,5,0.0439,255145
92,Frozen,Promo_Besar,Near_Transport_Hub,Controlled_Atmosphere,134,19,1340,61,41,779,73979,0.79,0.52,0.039,0,5,11,5,43,0.0321,3181097
93,Snacks,Back_to_School,Urban_Center,Refrigerated,126,20,1111,54,41,820,19776,0.74,4.7,0.049,0,3,4,5,51,0.0459,1008576
94,Snacks,Normal,Suburban,Room_Temperature,81,80,8226,81,77,6160,7699,0.93,0.14,0.029,0,5,5,2,104,0.0126,800696
95,Dairy,Mudik_Lebaran,Residential_Area,Frozen,13,5,205,25,17,85,31613,0.72,0.36,0.11,0,4,8,2,47,0.2293,1485811
96,Vegetables,Natal_Tahun_Baru,Rural,Controlled_Atmosphere,3,2,250,122,75,150,33570,0.65,0.45,0.11,1,4,10,4,36,0.144,1208520
97,Vegetables,Back_to_School,Rural,Room_Temperature,3,2,240,96,43,86,35595,0.61,4.73,0.14,0,2,10,3,51,0.2125,1815345
98,Beverages,Normal,Urban_Center,Refrigerated,250,35,1940,46,42,1470,28982,0.62,0.26,0.031,0,3,2,4,40,0.0206,1159280
99,Ready_to_Eat,Natal_Tahun_Baru,Urban_Center,Room_Temperature,1,1,104,101,91,91,71534,0.75,0.72,0.265,0,1,1,1,8,0.0769,572272
100,Snacks,Mudik_Lebaran,Residential_Area,Room_Temperature,101,79,2407,17,13,1027,24610,0.84,2.54,0.04,0,5,5,4,223,0.0926,5488030
101,Bakery,Promo_Besar,Residential_Area,Frozen,1,1,123,102,74,74,28433,0.83,1.14,0.146,0,5,11,5,18,0.1463,511794
102,Seafood,Normal,Urban_Center,Room_Temperature,1,1,51,48,67,51,78448,0.76,3.87,0.276,0,6,12,1,4,0.0784,313792
103,Vegetables,Promo_Besar,Near_Transport_Hub,Controlled_Atmosphere,4,1,163,158,114,114,26218,0.87,0.87,0.155,0,3,10,4,11,0.0675,288398
104,Fruits,Normal,Rural,Frozen,6,4,220,49,26,104,40842,0.72,2.87,0.123,0,4,6,2,28,0.1273,1143576
105,Bakery,Normal,Near_Transport_Hub,Frozen,4,1,39,39,27,27,21416,0.88,0.69,0.214,0,2,1,5,3,0.0769,64248
106,Frozen,Normal,Near_Transport_Hub,Refrigerated,65,1,91,95,120,91,77350,0.79,1.0,0.064,0,6,1,1,5,0.0549,386750
107,Dairy,Back_to_School,Suburban,Controlled_Atmosphere,5,1,83,86,104,83,23970,0.95,0.01,0.156,1,3,5,4,3,0.0361,71910
108,Meat,Hari_Raya_Idul_Adha,Near_Transport_Hub,Frozen,3,1,35,26,40,35,53720,0.89,0.07,0.162,1,6,4,2,3,0.0857,161160
109,Frozen,Pasca_Mudik,Urban_Center,Controlled_Atmosphere,54,12,734,48,32,384,15895,0.7,0.24,0.058,0,3,10,5,30,0.0409,476850
110,Seafood,Normal,Urban_Center,Controlled_Atmosphere,3,1,82,65,66,66,106521,0.88,0.64,0.278,0,2,4,2,9,0.1098,958689
111,Vegetables,Mudik_Lebaran,Residential_Area,Controlled_Atmosphere,6,2,50,17,12,24,8365,0.81,0.53,0.128,0,1,1,5,13,0.26,108745
112,Meat,Normal,Residential_Area,Controlled_Atmosphere,2,1,104,83,61,61,78390,0.92,0.45,0.181,0,1,9,4,11,0.1058,862290
113,Frozen,Normal,Urban_Center,Room_Temperature,178,19,313,14,11,209,85931,1.0,4.67,0.037,0,1,5,4,17,0.0543,1460827
114,Frozen,Normal,Near_Transport_Hub,Controlled_Atmosphere,126,49,1198,21,21,1029,85687,0.65,0.86,0.039,0,4,9,2,15,0.0125,1285305
115,Dairy,Promo_Besar,Near_Transport_Hub,Controlled_Atmosphere,11,7,508,70,96,508,23064,0.68,0.88,0.174,1,6,7,5,0,0.0,0
116,Seafood,Normal,Urban_Center,Refrigerated,4,3,284,103,108,284,36596,0.76,1.17,0.183,0,1,3,5,5,0.0176,182980
117,Ready_to_Eat,Normal,Residential_Area,Frozen,1,1,36,33,23,23,37103,0.72,0.3,0.317,0,2,11,4,6,0.1667,222618
118,Frozen,Long_Weekend,Rural,Controlled_Atmosphere,134,39,1938,31,19,741,77065,0.7,0.23,0.061,1,4,1,5,136,0.0702,10480840
119,Meat,Normal,Rural,Room_Temperature,4,3,85,23,16,48,32119,0.81,4.15,0.132,0,5,10,1,15,0.1765,481785
120,Snacks,Normal,Suburban,Frozen,98,2,110,43,46,92,12688,0.9,3.77,0.05,0,6,4,4,4,0.0364,50752
121,Frozen,Mudik_Lebaran,Rural,Frozen,96,47,2193,34,22,1034,76537,0.9,1.6,0.041,0,1,10,2,160,0.073,12245920
122,Ready_to_Eat,Pasca_Mudik,Near_Transport_Hub,Frozen,1,1,93,83,107,93,26104,0.8,3.27,0.278,1,7,8,4,2,0.0215,52208
123,Meat,Normal,Residential_Area,Controlled_Atmosphere,3,1,76,62,85,76,143887,0.93,0.05,0.127,1,6,4,1,4,0.0526,575548
124,Beverages,Normal,Residential_Area,Controlled_Atmosphere,279,9,95,10,12,95,6096,0.81,0.27,0.039,1,7,12,4,0,0.0,0
125,Bakery,Pasca_Mudik,Suburban,Room_Temperature,5,3,282,89,85,255,15224,0.98,2.29,0.169,0,3,11,1,7,0.0248,106568
126,Bakery,Mudik_Lebaran,Near_Transport_Hub,Controlled_Atmosphere,1,1,47,34,27,27,17218,0.86,0.33,0.257,0,5,1,2,18,0.383,309924
127,Beverages,Normal,Urban_Center,Frozen,308,289,27927,76,89,25721,25610,0.61,1.04,0.024,0,7,7,1,207,0.0074,5301270
128,Frozen,Ramadan,Residential_Area,Frozen,128,97,5132,45,41,3977,25279,0.8,4.87,0.037,0,7,2,3,218,0.0425,5510822
129,Frozen,Promo_Besar,Rural,Refrigerated,99,58,8323,128,109,6322,64207,0.77,3.4,0.055,1,5,5,2,202,0.0243,12969814
130,Frozen,Natal_Tahun_Baru,Suburban,Controlled_Atmosphere,111,47,1800,30,28,1316,73292,0.74,0.27,0.039,1,4,9,5,39,0.0217,2858388
131,Vegetables,Pasca_Mudik,Residential_Area,Frozen,5,1,98,81,72,72,39669,0.96,4.89,0.146,1,4,3,2,6,0.0612,238014
132,Bakery,Normal,Rural,Controlled_Atmosphere,3,2,43,17,10,20,26622,0.85,0.59,0.163,1,3,1,4,9,0.2093,239598
133,Beverages,Normal,Residential_Area,Room_Temperature,183,83,8299,102,89,7387,25590,0.67,1.99,0.027,0,6,8,5,89,0.0107,2277510
134,Frozen,Normal,Residential_Area,Room_Temperature,169,47,4580,107,61,2867,75505,0.98,1.05,0.059,0,1,7,4,117,0.0255,8834085
135,Meat,Natal_Tahun_Baru,Near_Transport_Hub,Refrigerated,5,4,568,129,130,520,140637,0.95,2.09,0.13,0,6,9,5,13,0.0229,1828281
136,Vegetables,Normal,Residential_Area,Refrigerated,6,4,261,61,54,216,3691,0.64,1.11,0.161,0,6,10,2,14,0.0536,51674
137,Ready_to_Eat,Natal_Tahun_Baru,Suburban,Frozen,1,1,41,33,23,23,15626,0.65,4.7,0.196,0,4,4,5,13,0.3171,203138
138,Beverages,Normal,Rural,Refrigerated,88,3,196,56,36,108,15771,0.97,3.7,0.03,0,3,9,4,11,0.0561,173481
139,Meat,Normal,Near_Transport_Hub,Controlled_Atmosphere,2,1,72,69,47,47,112371,0.69,0.28,0.202,0,5,2,5,10,0.1389,1123710
140,Bakery,Normal,Near_Transport_Hub,Frozen,5,4,317,84,54,216,14533,0.94,3.09,0.238,0,3,10,5,26,0.082,377858
141,Seafood,Normal,Suburban,Frozen,2,1,73,65,55,55,135897,0.67,3.18,0.246,0,2,9,2,8,0.1096,1087176
142,Beverages,Ramadan,Rural,Refrigerated,278,70,5129,57,27,1890,38124,0.86,2.05,0.03,0,4,8,2,240,0.0468,9149760
143,Fruits,Normal,Suburban,Frozen,5,4,429,89,89,356,77053,0.8,2.86,0.103,0,3,9,1,17,0.0396,1309901
144,Frozen,Normal,Suburban,Frozen,38,29,1422,40,58,1422,72549,0.95,0.59,0.059,1,6,10,3,3,0.0021,217647
145,Meat,Ramadan,Suburban,Room_Temperature,2,1,118,106,79,79,62421,0.99,1.46,0.188,0,5,11,1,17,0.1441,1061157
146,Dairy,Promo_Besar,Suburban,Room_Temperature,6,2,277,115,109,218,49317,0.76,0.71,0.162,0,4,8,1,10,0.0361,493170
147,Frozen,Pasca_Mudik,Rural,Frozen,146,125,14658,94,44,5500,27208,0.89,2.29,0.055,0,1,9,4,817,0.0557,22228936
148,Beverages,Normal,Rural,Frozen,310,296,8420,26,16,4736,27527,0.96,3.81,0.022,0,7,8,1,467,0.0555,12855109
149,Beverages,Normal,Near_Transport_Hub,Room_Temperature,97,84,4384,41,46,3864,22958,0.64,1.8,0.022,0,6,3,1,53,0.0121,1216774
150,Seafood,Mudik_Lebaran,Urban_Center,Refrigerated,1,1,33,23,28,28,161169,0.87,0.05,0.246,0,7,7,2,3,0.0909,483507
151,Bakery,Normal,Rural,Frozen,2,1,32,28,23,23,5241,0.81,0.04,0.218,0,6,4,2,6,0.1875,31446
152,Seafood,Normal,Urban_Center,Room_Temperature,1,1,65,64,83,65,61655,0.7,3.22,0.187,0,6,10,3,5,0.0769,308275
153,Fruits,Normal,Residential_Area,Room_Temperature,9,5,472,75,65,325,36370,0.8,0.56,0.12,0,5,1,3,22,0.0466,800140
154,Frozen,Normal,Suburban,Controlled_Atmosphere,48,2,140,70,80,140,20220,0.97,0.95,0.047,1,6,9,4,5,0.0357,101100
155,Snacks,Pasca_Mudik,Suburban,Frozen,70,40,1413,36,35,1400,15182,0.81,1.95,0.043,0,6,11,1,2,0.0014,30364
156,Dairy,Normal,Near_Transport_Hub,Refrigerated,10,1,60,52,60,60,16511,0.65,3.54,0.168,1,3,9,5,1,0.0167,16511
157,Vegetables,Normal,Rural,Refrigerated,2,1,53,58,24,24,49682,0.99,3.14,0.14,0,1,8,5,7,0.1321,347774
158,Ready_to_Eat,Ramadan,Urban_Center,Room_Temperature,3,1,22,25,29,22,13013,0.79,1.91,0.198,0,7,1,5,5,0.2273,65065
159,Frozen,Normal,Suburban,Controlled_Atmosphere,111,35,630,19,17,595,21903,0.67,0.8,0.064,0,1,8,3,3,0.0048,65709
160,Snacks,Mudik_Lebaran,Rural,Room_Temperature,97,73,1830,21,12,876,29135,0.84,2.47,0.047,1,5,4,2,153,0.0836,4457655
161,Snacks,Normal,Urban_Center,Frozen,60,49,5212,89,70,3430,25153,0.64,2.65,0.034,0,1,3,3,272,0.0522,6841616
162,Frozen,Natal_Tahun_Baru,Rural,Controlled_Atmosphere,51,38,1535,35,22,836,66688,0.63,0.57,0.048,0,2,5,3,95,0.0619,6335360
163,Vegetables,Normal,Rural,Room_Temperature,2,1,34,30,19,19,13184,0.64,2.25,0.124,1,3,4,4,4,0.1176,52736
164,Bakery,Normal,Rural,Refrigerated,2,1,22,23,14,14,14656,0.76,0.24,0.176,0,2,1,4,6,0.2727,87936
165,Seafood,Normal,Urban_Center,Room_Temperature,1,1,24,19,14,14,59266,0.68,2.0,0.245,0,1,10,5,4,0.1667,237064
166,Bakery,Normal,Near_Transport_Hub,Room_Temperature,1,1,21,20,14,14,8504,0.97,2.17,0.227,0,4,11,4,3,0.1429,25512
167,Fruits,Normal,Suburban,Refrigerated,6,3,235,70,75,225,12992,0.64,1.92,0.114,0,7,9,2,2,0.0085,25984
168,Frozen,Long_Weekend,Rural,Controlled_Atmosphere,169,125,7710,44,49,6125,65905,0.71,0.03,0.053,1,7,5,1,173,0.0224,11401565
169,Ready_to_Eat,Promo_Besar,Suburban,Refrigerated,1,1,108,89,103,103,58303,0.62,4.98,0.208,0,7,7,3,3,0.0278,174909
170,Meat,Normal,Rural,Frozen,6,1,138,108,52,52,93873,0.66,4.74,0.216,0,4,9,3,23,0.1667,2159079
171,Seafood,Ramadan,Urban_Center,Controlled_Atmosphere,1,1,110,116,173,110,71520,0.97,0.84,0.197,1,5,12,2,2,0.0182,143040
172,Bakery,Normal,Near_Transport_Hub,Refrigerated,3,2,82,43,49,82,17315,0.92,4.8,0.218,1,5,12,5,4,0.0488,69260
173,Meat,Normal,Rural,Room_Temperature,3,1,122,116,48,48,121034,0.99,0.16,0.191,0,5,4,5,21,0.1721,2541714
174,Bakery,Normal,Rural,Room_Temperature,1,1,52,53,44,44,25713,0.63,1.28,0.153,1,4,8,4,6,0.1154,154278
175,Frozen,Normal,Near_Transport_Hub,Refrigerated,152,148,14948,102,77,11396,74151,0.63,4.23,0.044,0,1,2,3,584,0.0391,43304184
176,Bakery,Pasca_Mudik,Urban_Center,Frozen,5,4,745,146,138,552,8406,0.84,2.17,0.146,0,2,7,5,52,0.0698,437112
177,Fruits,Normal,Urban_Center,Refrigerated,9,8,165,23,32,165,16485,0.72,3.31,0.127,1,1,4,2,3,0.0182,49455
178,Bakery,Normal,Near_Transport_Hub,Controlled_Atmosphere,4,3,117,35,35,105,9058,0.75,0.38,0.162,1,4,8,3,3,0.0256,27174
179,Meat,Natal_Tahun_Baru,Urban_Center,Refrigerated,7,3,440,122,115,345,49820,0.82,4.2,0.214,0,5,11,4,30,0.0682,1494600
180,Bakery,Normal,Urban_Center,Room_Temperature,1,1,35,37,43,35,9943,0.92,0.63,0.191,0,4,4,2,5,0.1429,49715
181,Bakery,Normal,Residential_Area,Controlled_Atmosphere,5,3,171,45,35,105,3405,0.91,0.62,0.203,0,4,3,2,17,0.0994,57885
182,Bakery,Pasca_Mudik,Urban_Center,Frozen,5,3,352,101,95,285,21744,0.84,0.19,0.173,1,5,11,4,17,0.0483,369648
183,Seafood,Normal,Near_Transport_Hub,Frozen,3,1,60,59,63,60,98491,0.94,4.29,0.244,0,2,3,3,2,0.0333,196982
184,Fruits,Natal_Tahun_Baru,Residential_Area,Refrigerated,6,4,289,68,54,216,68499,0.9,4.34,0.143,0,2,2,3,23,0.0796,1575477
185,Ready_to_Eat,Normal,Suburban,Room_Temperature,1,1,16,13,10,10,56178,0.68,1.84,0.245,0,1,11,1,5,0.3125,280890
186,Meat,Promo_Besar,Near_Transport_Hub,Frozen,4,1,110,94,95,95,57364,0.61,0.25,0.218,0,2,4,2,5,0.0455,286820
187,Snacks,Normal,Urban_Center,Controlled_Atmosphere,176,34,3277,79,102,3277,19664,0.7,0.81,0.035,0,6,5,4,3,0.0009,58992
188,Fruits,Normal,Rural,Controlled_Atmosphere,4,1,114,89,61,61,54051,0.82,0.59,0.104,0,4,2,3,13,0.114,702663
189,Fruits,Ramadan,Rural,Room_Temperature,5,2,68,28,14,28,57965,0.86,3.4,0.136,0,3,5,4,15,0.2206,869475
190,Ready_to_Eat,Long_Weekend,Rural,Room_Temperature,3,2,153,62,50,100,21140,0.94,4.38,0.202,1,2,12,3,32,0.2092,676480
191,Vegetables,Ramadan,Suburban,Frozen,3,2,216,105,141,216,20076,0.83,2.32,0.108,1,6,10,5,1,0.0046,20076
192,Snacks,Normal,Near_Transport_Hub,Frozen,112,7,164,24,39,164,31816,0.99,4.46,0.052,1,7,12,2,5,0.0305,159080
193,Meat,Normal,Urban_Center,Refrigerated,5,3,113,39,44,113,120202,0.66,3.93,0.21,1,4,11,4,3,0.0265,360606
194,Dairy,Normal,Suburban,Frozen,3,2,156,67,50,100,46070,0.89,1.13,0.184,0,1,7,5,12,0.0769,552840
195,Fruits,Back_to_School,Near_Transport_Hub,Frozen,9,3,269,82,87,261,29697,0.67,4.53,0.142,1,2,12,2,5,0.0186,148485
196,Meat,Normal,Urban_Center,Controlled_Atmosphere,7,3,276,81,61,183,26286,0.86,0.65,0.128,0,4,8,4,22,0.0797,578292
197,Meat,Normal,Urban_Center,Frozen,5,1,108,94,114,108,111845,0.65,4.15,0.137,0,1,5,1,4,0.037,447380
198,Seafood,Long_Weekend,Residential_Area,Room_Temperature,3,2,80,28,25,50,79445,0.88,2.4,0.185,1,1,2,5,12,0.15,953340
199,Snacks,Normal,Urban_Center,Frozen,142,60,4949,81,76,4560,35426,0.62,4.07,0.049,0,3,11,3,52,0.0105,1842152
200,Dairy,Hari_Raya_Idul_Adha,Suburban,Frozen,8,4,304,48,41,164,29420,0.93,0.91,0.141,0,3,7,4,44,0.1447,1294480
201,Bakery,Normal,Urban_Center,Room_Temperature,1,1,94,84,133,94,17357,0.67,1.9,0.183,1,6,12,2,3,0.0319,52071
202,Beverages,Normal,Rural,Frozen,36,34,3028,90,53,1802,48898,0.95,2.6,0.033,0,4,11,2,118,0.039,5769964
203,Frozen,Normal,Residential_Area,Refrigerated,32,21,685,30,22,462,79990,0.95,0.37,0.05,1,3,1,5,17,0.0248,1359830
204,Seafood,Normal,Near_Transport_Hub,Controlled_Atmosphere,1,1,80,62,71,71,196277,0.61,0.4,0.159,0,7,2,5,7,0.0875,1373939
205,Snacks,Normal,Near_Transport_Hub,Frozen,106,7,310,43,61,310,36007,0.89,1.82,0.039,1,6,4,1,2,0.0065,72014
206,Snacks,Pasca_Mudik,Urban_Center,Refrigerated,174,43,5715,112,117,5031,31818,0.64,3.05,0.033,0,4,4,4,76,0.0133,2418168
207,Bakery,Natal_Tahun_Baru,Urban_Center,Refrigerated,4,2,341,155,150,300,19345,0.6,3.68,0.206,0,5,8,5,25,0.0733,483625
208,Ready_to_Eat,Normal,Suburban,Refrigerated,2,1,90,85,60,60,49911,0.97,3.81,0.216,0,3,8,2,18,0.2,898398
209,Snacks,Normal,Residential_Area,Frozen,151,142,11037,79,55,7810,24043,0.87,4.61,0.031,0,2,9,5,435,0.0394,10458705
210,Vegetables,Pasca_Mudik,Residential_Area,Controlled_Atmosphere,7,6,951,128,119,714,3836,0.81,0.03,0.11,0,2,5,2,30,0.0315,115080
211,Dairy,Natal_Tahun_Baru,Rural,Room_Temperature,11,1,93,99,60,60,49271,0.9,4.32,0.172,0,2,9,3,10,0.1075,492710
212,Frozen,Mudik_Lebaran,Rural,Refrigerated,33,17,386,14,9,153,73073,0.93,4.56,0.056,0,7,10,5,50,0.1295,3653650
213,Seafood,Normal,Suburban,Refrigerated,2,1,57,63,55,55,98167,0.82,0.65,0.231,1,3,8,2,4,0.0702,392668
214,Dairy,Long_Weekend,Residential_Area,Frozen,10,9,436,31,19,171,39432,0.69,0.92,0.111,0,4,9,5,73,0.1674,2878536
215,Vegetables,Normal,Rural,Room_Temperature,6,5,510,83,59,295,45552,0.6,3.34,0.135,0,5,10,2,63,0.1235,2869776
216,Frozen,Back_to_School,Urban_Center,Controlled_Atmosphere,95,70,3718,48,73,3718,64146,0.81,0.51,0.05,1,6,4,3,1,0.0003,64146
217,Snacks,Pasca_Mudik,Urban_Center,Room_Temperature,145,55,8751,169,169,8751,33523,0.86,4.7,0.046,1,4,12,3,1,0.0001,33523
218,Fruits,Pasca_Mudik,Residential_Area,Room_Temperature,7,4,441,104,53,212,46471,0.61,3.37,0.123,0,5,2,5,51,0.1156,2370021
219,Snacks,Normal,Rural,Refrigerated,96,57,3650,55,45,2565,36063,0.66,1.1,0.046,0,7,9,3,94,0.0258,3389922
220,Vegetables,Promo_Besar,Urban_Center,Room_Temperature,2,1,21,20,21,21,38882,0.98,1.52,0.161,0,3,4,4,1,0.0476,38882
221,Meat,Normal,Residential_Area,Frozen,3,1,39,35,27,27,27128,0.94,4.66,0.233,0,5,2,3,4,0.1026,108512
222,Ready_to_Eat,Mudik_Lebaran,Rural,Frozen,1,1,8,8,4,4,22681,0.73,2.25,0.267,0,5,3,5,6,0.75,136086
223,Meat,Normal,Suburban,Room_Temperature,7,6,660,89,83,498,37603,0.87,1.66,0.178,0,7,5,4,35,0.053,1316105
224,Bakery,Hari_Raya_Idul_Adha,Suburban,Room_Temperature,3,1,21,13,10,10,23697,0.61,2.91,0.189,0,1,9,3,10,0.4762,236970
225,Meat,Normal,Suburban,Frozen,3,2,156,74,53,106,85820,0.6,1.19,0.23,0,6,3,5,17,0.109,1458940
226,Ready_to_Eat,Ramadan,Suburban,Controlled_Atmosphere,2,1,61,62,56,56,27324,0.75,0.04,0.206,0,3,7,4,2,0.0328,54648
227,Vegetables,Normal,Residential_Area,Frozen,7,3,247,85,85,247,45839,0.75,2.94,0.173,1,3,7,2,2,0.0081,91678
228,Beverages,Long_Weekend,Residential_Area,Refrigerated,286,72,3057,40,35,2520,47170,0.71,0.75,0.024,0,7,2,2,46,0.015,2169820
229,Beverages,Ramadan,Near_Transport_Hub,Room_Temperature,332,83,11769,156,131,10873,7827,0.65,2.96,0.023,0,5,3,1,140,0.0119,1095780
230,Frozen,Ramadan,Residential_Area,Refrigerated,102,11,770,54,44,484,78133,0.67,4.15,0.053,0,7,3,5,50,0.0649,3906650
231,Vegetables,Back_to_School,Residential_Area,Refrigerated,3,2,117,65,68,117,37256,0.94,2.52,0.133,1,1,3,4,4,0.0342,149024
232,Snacks,Natal_Tahun_Baru,Urban_Center,Controlled_Atmosphere,144,34,4316,141,120,4080,33278,0.81,0.37,0.029,0,2,8,4,25,0.0058,831950
233,Ready_to_Eat,Normal,Suburban,Frozen,2,1,22,18,13,13,36781,0.7,0.03,0.287,1,5,2,5,8,0.3636,294248
234,Vegetables,Mudik_Lebaran,Urban_Center,Room_Temperature,5,3,76,19,19,57,26962,0.84,4.96,0.131,1,5,9,4,12,0.1579,323544
235,Fruits,Promo_Besar,Residential_Area,Frozen,9,3,473,159,109,327,26206,0.64,2.54,0.141,0,5,12,1,27,0.0571,707562
236,Bakery,Long_Weekend,Near_Transport_Hub,Controlled_Atmosphere,1,1,27,26,16,16,4237,0.89,0.93,0.188,0,3,12,5,6,0.2222,25422
237,Beverages,Mudik_Lebaran,Suburban,Frozen,129,9,476,34,40,360,45317,0.67,0.18,0.025,1,2,2,3,15,0.0315,679755
238,Frozen,Ramadan,Residential_Area,Refrigerated,47,6,805,109,77,462,91406,0.74,4.82,0.043,0,2,8,4,59,0.0733,5392954
239,Snacks,Normal,Urban_Center,Frozen,103,15,1650,88,104,1560,21393,0.88,4.83,0.042,0,7,6,4,15,0.0091,320895
240,Beverages,Normal,Urban_Center,Controlled_Atmosphere,354,113,14200,103,106,11978,32028,0.98,0.52,0.021,0,2,5,1,105,0.0074,3362940
241,Bakery,Pasca_Mudik,Suburban,Controlled_Atmosphere,3,2,155,77,84,155,27450,0.87,0.91,0.2,1,6,4,3,1,0.0065,27450
242,Ready_to_Eat,Normal,Urban_Center,Refrigerated,1,1,86,70,55,55,72783,0.62,2.41,0.268,0,5,5,4,19,0.2209,1382877
243,Fruits,Normal,Residential_Area,Room_Temperature,3,2,151,83,62,124,50519,0.76,3.43,0.097,0,6,9,4,11,0.0728,555709
244,Seafood,Normal,Urban_Center,Frozen,3,2,65,33,30,60,148560,0.98,1.72,0.178,0,4,12,3,4,0.0615,594240
245,Meat,Pasca_Mudik,Residential_Area,Room_Temperature,2,1,90,73,42,42,45698,0.66,4.8,0.142,0,2,7,4,24,0.2667,1096752
246,Snacks,Pasca_Mudik,Rural,Controlled_Atmosphere,98,33,5034,166,118,3894,11486,0.88,0.06,0.048,0,6,2,4,44,0.0087,505384
247,Snacks,Pasca_Mudik,Rural,Frozen,62,27,1328,42,25,675,18038,0.83,3.25,0.041,0,3,6,3,76,0.0572,1370888
248,Beverages,Hari_Raya_Idul_Adha,Near_Transport_Hub,Frozen,267,75,2483,19,21,1575,32644,0.85,2.86,0.036,1,2,6,2,126,0.0507,4113144
249,Fruits,Ramadan,Near_Transport_Hub,Frozen,10,6,829,128,132,792,26930,0.67,0.12,0.136,0,6,12,1,6,0.0072,161580
250,Bakery,Back_to_School,Near_Transport_Hub,Refrigerated,1,1,102,110,95,95,11600,0.85,0.42,0.252,0,2,4,3,5,0.049,58000
251,Meat,Normal,Rural,Frozen,5,4,411,92,54,216,37709,0.99,3.49,0.145,0,6,12,5,63,0.1533,2375667
252,Fruits,Back_to_School,Near_Transport_Hub,Room_Temperature,4,2,120,60,48,96,44789,0.6,2.62,0.139,1,3,8,5,10,0.0833,447890
253,Fruits,Normal,Near_Transport_Hub,Frozen,6,1,79,75,75,75,78472,0.77,1.25,0.135,0,7,7,2,1,0.0127,78472
254,Snacks,Long_Weekend,Residential_Area,Frozen,96,84,6816,61,39,3276,9486,0.67,1.45,0.043,0,3,12,5,415,0.0609,3936690
255,Dairy,Promo_Besar,Urban_Center,Room_Temperature,4,2,159,74,70,140,5537,0.69,0.75,0.149,0,3,8,3,6,0.0377,33222
256,Bakery,Hari_Raya_Idul_Adha,Suburban,Refrigerated,3,2,25,11,7,14,11194,0.93,4.14,0.155,0,2,7,4,7,0.28,78358
257,Beverages,Natal_Tahun_Baru,Urban_Center,Room_Temperature,272,200,46646,183,154,30800,15394,0.85,0.21,0.038,0,3,8,3,1069,0.0229,16456186
258,Seafood,Promo_Besar,Suburban,Controlled_Atmosphere,3,1,78,69,42,42,128758,0.92,0.01,0.16,0,4,12,5,9,0.1154,1158822
259,Meat,Mudik_Lebaran,Residential_Area,Frozen,7,1,6,6,5,5,90300,0.92,0.63,0.151,0,7,11,3,1,0.1667,90300
260,Dairy,Natal_Tahun_Baru,Rural,Room_Temperature,7,1,139,124,98,98,40568,0.88,0.95,0.122,0,6,8,3,13,0.0935,527384
261,Meat,Normal,Suburban,Controlled_Atmosphere,4,2,133,74,58,116,103627,0.8,0.73,0.221,0,3,10,2,7,0.0526,725389
262,Frozen,Normal,Near_Transport_Hub,Room_Temperature,102,42,2577,65,83,2577,83576,0.86,0.22,0.063,1,1,4,1,4,0.0016,334304
263,Frozen,Ramadan,Residential_Area,Frozen,42,24,1314,59,52,1248,42359,0.86,4.64,0.06,0,6,1,3,15,0.0114,635385
264,Vegetables,Long_Weekend,Urban_Center,Frozen,6,1,15,15,13,13,17149,0.98,0.49,0.159,0,2,4,5,1,0.0667,17149
265,Snacks,Natal_Tahun_Baru,Near_Transport_Hub,Refrigerated,158,148,16430,94,89,13172,32988,0.95,0.83,0.032,0,3,11,2,251,0.0153,8279988
266,Vegetables,Pasca_Mudik,Rural,Frozen,5,4,427,95,39,156,17019,0.75,2.75,0.161,0,4,8,4,50,0.1171,850950
267,Ready_to_Eat,Normal,Suburban,Frozen,1,1,33,33,20,20,60562,0.93,3.45,0.216,0,5,10,5,6,0.1818,363372
268,Meat,Normal,Rural,Room_Temperature,3,2,84,40,23,46,140308,0.69,0.39,0.161,0,4,12,5,14,0.1667,1964312
269,Fruits,Normal,Residential_Area,Controlled_Atmosphere,4,1,58,48,49,49,59594,0.97,0.12,0.139,0,7,10,1,1,0.0172,59594
270,Fruits,Pasca_Mudik,Rural,Room_Temperature,8,5,726,158,92,460,56495,0.99,3.76,0.125,1,4,5,4,42,0.0579,2372790
271,Ready_to_Eat,Natal_Tahun_Baru,Residential_Area,Controlled_Atmosphere,2,1,117,97,66,66,18544,0.9,0.48,0.205,0,5,4,5,25,0.2137,463600
272,Seafood,Normal,Near_Transport_Hub,Frozen,1,1,95,91,80,80,74935,0.73,2.97,0.157,0,3,10,4,7,0.0737,524545
273,Seafood,Natal_Tahun_Baru,Suburban,Refrigerated,1,1,97,77,72,72,100414,0.61,3.47,0.169,0,1,6,2,15,0.1546,1506210
274,Snacks,Natal_Tahun_Baru,Residential_Area,Controlled_Atmosphere,139,37,5673,169,134,4958,39524,0.62,0.17,0.035,0,5,5,1,78,0.0137,3082872
275,Frozen,Ramadan,Rural,Refrigerated,34,19,3264,133,68,1292,81655,0.99,0.5,0.044,0,5,2,2,170,0.0521,13881350
276,Dairy,Normal,Residential_Area,Frozen,8,4,235,65,55,220,49847,0.74,3.13,0.126,0,5,5,1,4,0.017,199388
277,Snacks,Back_to_School,Suburban,Room_Temperature,103,51,6322,104,111,5661,39125,0.98,3.06,0.043,1,2,10,2,64,0.0101,2504000
278,Vegetables,Mudik_Lebaran,Suburban,Room_Temperature,7,2,111,34,45,90,12051,0.72,3.53,0.142,1,7,3,5,12,0.1081,144612
279,Snacks,Back_to_School,Urban_Center,Room_Temperature,100,19,428,18,17,323,32134,0.98,1.52,0.046,0,6,12,3,7,0.0164,224938
280,Meat,Normal,Residential_Area,Frozen,6,5,387,78,91,387,110095,0.61,0.4,0.21,1,7,10,4,3,0.0078,330285
281,Beverages,Mudik_Lebaran,Suburban,Room_Temperature,145,9,245,27,35,245,22685,0.98,1.11,0.033,1,2,2,2,4,0.0163,90740
282,Beverages,Natal_Tahun_Baru,Near_Transport_Hub,Room_Temperature,248,104,3197,25,29,3016,25506,0.76,4.7,0.031,0,6,12,1,27,0.0084,688662
283,Seafood,Pasca_Mudik,Near_Transport_Hub,Refrigerated,4,3,559,191,179,537,140226,0.76,1.52,0.263,0,4,5,5,7,0.0125,981582
284,Beverages,Long_Weekend,Near_Transport_Hub,Refrigerated,286,58,2537,25,35,2030,40809,0.65,2.07,0.029,1,5,12,2,54,0.0213,2203686
285,Meat,Natal_Tahun_Baru,Urban_Center,Refrigerated,2,1,152,137,215,152,70343,0.89,4.88,0.192,1,5,7,1,4,0.0263,281372
286,Meat,Normal,Suburban,Room_Temperature,7,1,69,58,60,60,145955,0.78,3.13,0.139,1,2,1,5,4,0.058,583820
287,Beverages,Pasca_Mudik,Urban_Center,Controlled_Atmosphere,151,56,9811,162,159,8904,33958,0.63,0.6,0.025,0,5,11,5,57,0.0058,1935606
288,Meat,Normal,Rural,Refrigerated,3,1,110,97,81,81,63399,0.97,0.25,0.171,1,6,5,5,12,0.1091,760788
289,Snacks,Normal,Near_Transport_Hub,Frozen,179,10,236,23,32,236,29834,0.93,3.79,0.048,1,4,3,1,4,0.0169,119336
290,Frozen,Pasca_Mudik,Suburban,Refrigerated,57,37,5639,163,121,4477,94269,0.97,4.93,0.044,0,3,5,5,167,0.0296,15742923
291,Ready_to_Eat,Pasca_Mudik,Residential_Area,Controlled_Atmosphere,2,1,143,141,174,143,22684,0.6,0.02,0.269,1,7,4,5,2,0.014,45368
292,Vegetables,Pasca_Mudik,Suburban,Refrigerated,7,2,389,160,174,348,23170,0.72,2.75,0.162,1,3,6,4,7,0.018,162190
293,Meat,Normal,Rural,Controlled_Atmosphere,5,1,75,78,56,56,80374,0.96,0.54,0.162,0,4,12,1,9,0.12,723366
294,Vegetables,Pasca_Mudik,Urban_Center,Room_Temperature,6,3,233,81,112,233,5042,0.74,1.88,0.143,1,5,7,2,2,0.0086,10084
295,Vegetables,Natal_Tahun_Baru,Rural,Controlled_Atmosphere,2,1,73,60,44,44,22833,0.69,0.3,0.107,0,7,4,1,10,0.137,228330
296,Snacks,Normal,Rural,Controlled_Atmosphere,153,135,6978,54,42,5670,11439,0.93,0.94,0.044,1,6,1,4,98,0.014,1121022
297,Dairy,Normal,Urban_Center,Refrigerated,8,4,57,12,13,52,25478,0.61,3.79,0.162,1,2,4,3,4,0.0702,101912
298,Bakery,Normal,Suburban,Frozen,1,1,85,91,66,66,20777,0.74,1.59,0.157,0,3,10,2,8,0.0941,166216
299,Snacks,Mudik_Lebaran,Suburban,Refrigerated,120,116,4699,31,29,3364,10643,0.77,0.89,0.042,0,7,12,4,174,0.037,1851882
300,Snacks,Normal,Near_Transport_Hub,Room_Temperature,71,60,1478,21,15,900,35500,0.79,4.74,0.031,0,3,6,4,107,0.0724,3798500
301,Vegetables,Mudik_Lebaran,Urban_Center,Refrigerated,5,1,35,21,32,32,21498,0.91,3.02,0.109,1,7,12,1,3,0.0857,64494
302,Snacks,Mudik_Lebaran,Residential_Area,Controlled_Atmosphere,90,80,2277,16,11,880,30153,0.63,0.21,0.045,0,4,10,3,181,0.0795,5457693
303,Bakery,Natal_Tahun_Baru,Residential_Area,Controlled_Atmosphere,1,1,101,83,60,60,8772,0.72,0.41,0.212,0,5,7,3,18,0.1782,157896
304,Seafood,Long_Weekend,Residential_Area,Refrigerated,2,1,61,47,63,61,176501,0.78,1.03,0.27,1,7,11,3,5,0.082,882505
305,Vegetables,Promo_Besar,Residential_Area,Refrigerated,6,5,856,138,155,775,7090,0.75,2.74,0.102,0,7,6,1,18,0.021,127620
306,Frozen,Natal_Tahun_Baru,Near_Transport_Hub,Frozen,127,52,4607,90,92,4607,37729,0.79,0.94,0.047,0,7,7,2,1,0.0002,37729
307,Meat,Normal,Urban_Center,Room_Temperature,7,4,471,91,105,420,31097,0.65,4.03,0.219,0,6,10,4,17,0.0361,528649
308,Snacks,Long_Weekend,Near_Transport_Hub,Frozen,88,24,1614,46,36,864,20515,0.88,1.35,0.05,0,1,1,5,77,0.0477,1579655
309,Beverages,Promo_Besar,Urban_Center,Room_Temperature,299,144,22044,138,135,19440,44981,0.64,2.36,0.034,0,1,11,5,243,0.011,10930383
310,Vegetables,Pasca_Mudik,Urban_Center,Controlled_Atmosphere,5,4,696,163,153,612,22308,0.72,0.04,0.176,0,6,10,3,14,0.0201,312312
311,Ready_to_Eat,Normal,Rural,Refrigerated,2,1,15,17,11,11,61364,0.71,0.66,0.217,0,1,12,1,6,0.4,368184
312,Meat,Ramadan,Rural,Room_Temperature,4,3,215,59,42,126,132985,0.61,4.92,0.23,0,7,3,4,38,0.1767,5053430
313,Seafood,Ramadan,Suburban,Room_Temperature,3,1,152,124,120,120,38768,0.67,1.99,0.194,0,7,9,2,17,0.1118,659056
314,Fruits,Normal,Near_Transport_Hub,Refrigerated,7,4,318,62,51,204,10376,0.64,2.66,0.109,0,5,11,3,21,0.066,217896
315,Fruits,Ramadan,Near_Transport_Hub,Controlled_Atmosphere,6,5,298,51,43,215,28582,0.73,0.01,0.085,1,4,2,5,16,0.0537,457312
316,Fruits,Normal,Urban_Center,Refrigerated,4,1,112,91,139,112,20963,0.88,0.6,0.146,1,6,11,5,0,0.0,0
317,Meat,Normal,Near_Transport_Hub,Refrigerated,7,4,230,49,61,230,107500,0.91,1.62,0.143,1,7,1,4,2,0.0087,215000
318,Fruits,Normal,Urban_Center,Controlled_Atmosphere,6,5,285,52,54,270,23857,0.82,0.43,0.128,1,4,12,3,6,0.0211,143142
319,Fruits,Long_Weekend,Urban_Center,Controlled_Atmosphere,5,1,12,10,8,8,48231,0.96,0.57,0.121,0,4,8,4,1,0.0833,48231
320,Snacks,Normal,Near_Transport_Hub,Controlled_Atmosphere,75,73,6932,91,134,6932,24846,0.76,0.63,0.051,1,5,6,1,2,0.0003,49692
321,Seafood,Normal,Urban_Center,Controlled_Atmosphere,2,1,88,94,144,88,119178,0.79,0.89,0.212,1,1,4,1,3,0.0341,357534
322,Frozen,Normal,Residential_Area,Frozen,157,137,9811,79,78,9811,59470,0.62,3.94,0.036,1,7,11,5,4,0.0004,237880
323,Meat,Natal_Tahun_Baru,Suburban,Refrigerated,2,1,132,122,176,132,140326,0.85,1.21,0.196,1,6,1,3,4,0.0303,561304
324,Meat,Long_Weekend,Urban_Center,Refrigerated,2,1,78,67,87,78,125441,0.68,1.69,0.216,0,4,6,1,1,0.0128,125441
325,Vegetables,Long_Weekend,Suburban,Refrigerated,6,2,73,30,27,54,30207,0.67,1.85,0.112,1,5,1,2,10,0.137,302070
326,Frozen,Long_Weekend,Urban_Center,Controlled_Atmosphere,50,1,6,6,6,6,92821,0.95,0.42,0.059,0,6,3,2,3,0.5,278463
327,Frozen,Normal,Suburban,Refrigerated,76,64,7586,103,90,5760,54478,0.74,0.02,0.042,1,5,2,5,158,0.0208,8607524
328,Snacks,Normal,Suburban,Frozen,66,25,763,26,28,700,36091,0.8,0.8,0.05,1,3,5,2,7,0.0092,252637
329,Dairy,Normal,Urban_Center,Room_Temperature,5,1,66,72,129,66,20420,0.89,2.96,0.134,1,6,6,2,0,0.0,0
330,Seafood,Natal_Tahun_Baru,Suburban,Controlled_Atmosphere,2,1,105,115,104,104,139259,0.66,0.93,0.214,0,2,8,2,1,0.0095,139259
331,Vegetables,Normal,Residential_Area,Refrigerated,4,1,29,27,32,29,14219,0.9,1.1,0.123,1,7,11,5,4,0.1379,56876
332,Seafood,Normal,Residential_Area,Controlled_Atmosphere,2,1,73,62,48,48,89658,0.7,0.43,0.183,0,2,10,1,10,0.137,896580
333,Snacks,Normal,Residential_Area,Controlled_Atmosphere,121,104,12478,111,73,7592,20762,0.63,0.75,0.045,0,2,3,3,475,0.0381,9861950
334,Dairy,Mudik_Lebaran,Rural,Room_Temperature,14,8,293,36,32,256,34808,0.79,0.69,0.168,1,7,6,4,17,0.058,591736
335,Bakery,Normal,Rural,Refrigerated,3,2,107,47,34,68,21849,0.92,3.94,0.15,0,6,1,5,15,0.1402,327735
336,Bakery,Normal,Near_Transport_Hub,Refrigerated,3,2,78,33,39,78,21374,0.88,1.02,0.258,1,1,11,4,5,0.0641,106870
337,Seafood,Natal_Tahun_Baru,Suburban,Frozen,3,2,254,126,97,194,41611,0.75,2.26,0.22,0,4,12,5,28,0.1102,1165108
338,Beverages,Ramadan,Urban_Center,Room_Temperature,264,45,1224,28,34,1224,10042,0.64,1.38,0.034,0,7,4,5,3,0.0025,30126
339,Snacks,Back_to_School,Near_Transport_Hub,Frozen,113,57,5338,96,91,5187,6444,0.95,1.16,0.051,0,4,10,3,13,0.0024,83772
340,Ready_to_Eat,Ramadan,Residential_Area,Controlled_Atmosphere,2,1,126,104,116,116,21254,0.92,0.23,0.231,1,7,1,2,5,0.0397,106270
341,Ready_to_Eat,Back_to_School,Residential_Area,Frozen,1,1,163,140,87,87,20058,0.66,0.58,0.324,0,4,5,3,30,0.184,601740
342,Vegetables,Promo_Besar,Suburban,Frozen,5,2,362,143,124,248,29513,0.97,3.84,0.178,0,2,1,5,26,0.0718,767338
343,Fruits,Mudik_Lebaran,Rural,Room_Temperature,10,6,273,33,19,114,10253,0.66,2.75,0.106,0,7,4,4,61,0.2234,625433
344,Seafood,Ramadan,Suburban,Frozen,2,1,32,30,23,23,47905,0.99,1.97,0.219,0,5,1,3,6,0.1875,287430
345,Vegetables,Normal,Urban_Center,Frozen,4,2,144,58,67,134,8740,0.69,4.44,0.16,0,4,5,2,6,0.0417,52440
346,Frozen,Normal,Residential_Area,Refrigerated,66,27,1582,47,42,1134,58963,0.63,4.8,0.058,1,4,11,3,88,0.0556,5188744
347,Ready_to_Eat,Natal_Tahun_Baru,Suburban,Room_Temperature,1,1,69,76,57,57,64149,0.72,2.93,0.249,0,2,1,1,10,0.1449,641490
348,Beverages,Normal,Rural,Controlled_Atmosphere,121,63,5913,103,64,4032,23167,0.8,0.97,0.032,0,4,10,4,140,0.0237,3243380
349,Bakery,Normal,Residential_Area,Refrigerated,3,1,70,69,45,45,25717,0.65,0.82,0.173,0,3,1,3,8,0.1143,205736
350,Snacks,Normal,Suburban,Refrigerated,136,43,3222,73,55,2365,24731,0.71,3.49,0.037,0,3,3,1,111,0.0345,2745141
351,Frozen,Normal,Suburban,Refrigerated,85,20,1267,65,56,1120,88224,0.85,4.16,0.051,0,5,12,1,25,0.0197,2205600
352,Meat,Back_to_School,Near_Transport_Hub,Frozen,4,3,200,62,53,159,149444,0.84,3.82,0.163,0,1,12,1,15,0.075,2241660
353,Seafood,Normal,Suburban,Room_Temperature,1,1,102,108,126,102,29929,0.91,3.79,0.16,1,7,11,5,2,0.0196,59858
354,Dairy,Normal,Urban_Center,Refrigerated,4,3,108,37,30,90,48948,0.74,0.45,0.181,0,5,6,3,9,0.0833,440532
355,Ready_to_Eat,Normal,Residential_Area,Refrigerated,1,1,66,68,44,44,28471,0.67,3.77,0.176,0,2,9,4,13,0.197,370123
356,Bakery,Normal,Rural,Controlled_Atmosphere,4,1,62,66,43,43,13298,0.65,0.11,0.156,0,6,5,5,7,0.1129,93086
357,Bakery,Normal,Near_Transport_Hub,Frozen,4,1,99,77,68,68,17023,0.68,0.35,0.241,0,6,6,2,14,0.1414,238322
358,Bakery,Normal,Residential_Area,Refrigerated,1,1,64,57,45,45,6333,0.9,4.46,0.16,0,2,6,2,9,0.1406,56997
359,Seafood,Long_Weekend,Near_Transport_Hub,Frozen,3,2,112,38,31,62,131022,1.0,2.56,0.173,0,1,5,4,26,0.2321,3406572
360,Dairy,Normal,Urban_Center,Refrigerated,10,1,35,30,23,23,15009,0.72,3.12,0.173,0,5,8,4,6,0.1714,90054
361,Snacks,Normal,Rural,Refrigerated,157,9,631,74,63,567,34498,0.73,1.88,0.039,1,5,11,3,8,0.0127,275984
362,Meat,Normal,Near_Transport_Hub,Controlled_Atmosphere,2,1,107,96,84,84,81580,0.79,0.85,0.181,0,4,10,4,8,0.0748,652640
363,Vegetables,Normal,Residential_Area,Refrigerated,3,2,136,60,40,80,43970,0.74,0.49,0.127,0,3,1,2,19,0.1397,835430
364,Bakery,Back_to_School,Urban_Center,Frozen,1,1,32,32,30,30,18103,0.86,2.11,0.202,0,1,12,4,3,0.0938,54309
365,Ready_to_Eat,Normal,Residential_Area,Refrigerated,2,1,107,104,98,98,42949,0.92,3.34,0.2,1,4,4,4,4,0.0374,171796
366,Snacks,Normal,Rural,Refrigerated,98,74,5785,68,45,3330,11026,0.89,2.89,0.042,1,5,9,4,250,0.0432,2756500
367,Fruits,Pasca_Mudik,Rural,Controlled_Atmosphere,8,2,248,108,54,108,64405,0.87,0.55,0.147,0,5,3,5,21,0.0847,1352505
368,Beverages,Normal,Residential_Area,Controlled_Atmosphere,319,31,2219,66,58,1798,20753,0.66,0.69,0.026,0,3,2,2,31,0.014,643343
369,Meat,Normal,Residential_Area,Room_Temperature,5,2,36,20,15,30,124470,0.93,2.32,0.186,0,6,1,2,3,0.0833,373410
370,Fruits,Ramadan,Suburban,Refrigerated,10,1,27,29,31,27,44056,0.95,4.5,0.113,0,6,2,4,1,0.037,44056
371,Seafood,Normal,Residential_Area,Refrigerated,3,2,34,18,11,22,107158,0.73,2.92,0.205,0,2,7,2,6,0.1765,642948
372,Beverages,Mudik_Lebaran,Residential_Area,Refrigerated,281,274,7170,24,18,4932,40765,0.77,3.41,0.038,0,2,6,4,419,0.0584,17080535
373,Ready_to_Eat,Normal,Urban_Center,Room_Temperature,2,1,60,51,55,55,69189,0.92,0.61,0.305,0,4,1,4,4,0.0667,276756
374,Bakery,Back_to_School,Suburban,Frozen,2,1,112,90,118,112,28124,0.86,3.95,0.173,1,7,8,4,2,0.0179,56248
375,Frozen,Hari_Raya_Idul_Adha,Urban_Center,Room_Temperature,96,65,963,10,16,963,86791,0.9,2.27,0.036,1,6,3,4,3,0.0031,260373
376,Seafood,Ramadan,Rural,Refrigerated,1,1,78,61,38,38,195178,0.91,4.23,0.245,0,3,8,4,17,0.2179,3318026
377,Ready_to_Eat,Long_Weekend,Rural,Room_Temperature,1,1,57,34,23,23,71915,0.93,2.85,0.178,1,5,11,5,26,0.4561,1869790
378,Seafood,Normal,Suburban,Refrigerated,4,3,190,66,50,150,121448,0.67,2.84,0.156,0,7,8,4,17,0.0895,2064616
379,Fruits,Normal,Near_Transport_Hub,Controlled_Atmosphere,5,4,192,37,29,116,42089,0.89,0.19,0.097,0,1,5,3,14,0.0729,589246
380,Vegetables,Ramadan,Near_Transport_Hub,Refrigerated,2,1,59,46,46,46,29054,0.87,3.57,0.158,0,3,2,1,4,0.0678,116216
381,Beverages,Back_to_School,Residential_Area,Refrigerated,32,9,918,100,100,900,30866,0.87,0.66,0.037,1,2,5,2,4,0.0044,123464
382,Meat,Normal,Residential_Area,Controlled_Atmosphere,3,2,56,22,16,32,85432,0.95,0.83,0.207,0,3,5,5,11,0.1964,939752
383,Vegetables,Mudik_Lebaran,Suburban,Frozen,7,4,76,11,9,36,44723,0.92,0.27,0.11,1,1,8,3,14,0.1842,626122
384,Beverages,Normal,Rural,Controlled_Atmosphere,264,253,8516,27,18,4554,13103,0.74,0.2,0.026,0,6,9,3,254,0.0298,3328162
385,Ready_to_Eat,Promo_Besar,Urban_Center,Room_Temperature,2,1,105,90,145,105,68154,0.73,1.42,0.322,1,3,10,1,0,0.0,0
386,Beverages,Long_Weekend,Near_Transport_Hub,Controlled_Atmosphere,351,138,11159,64,62,8556,7873,0.86,0.95,0.027,0,6,10,2,177,0.0159,1393521
387,Fruits,Normal,Urban_Center,Refrigerated,9,2,109,55,46,92,57286,0.64,4.26,0.096,0,3,11,2,7,0.0642,401002
388,Fruits,Back_to_School,Residential_Area,Room_Temperature,8,6,212,32,24,144,69175,0.78,1.94,0.103,0,1,7,3,14,0.066,968450
389,Bakery,Normal,Rural,Controlled_Atmosphere,2,1,84,73,47,47,5751,0.72,0.44,0.249,0,2,3,3,14,0.1667,80514
390,Ready_to_Eat,Normal,Urban_Center,Refrigerated,3,1,67,72,77,67,53309,0.89,4.06,0.228,0,7,9,1,1,0.0149,53309
391,Meat,Hari_Raya_Idul_Adha,Urban_Center,Refrigerated,5,3,126,31,32,96,107852,0.78,4.04,0.163,0,7,3,2,19,0.1508,2049188
392,Fruits,Hari_Raya_Idul_Adha,Urban_Center,Controlled_Atmosphere,3,1,34,30,36,34,67537,0.78,0.41,0.131,0,6,8,3,2,0.0588,135074
393,Frozen,Long_Weekend,Urban_Center,Room_Temperature,64,1,20,20,14,14,39670,0.94,1.05,0.054,0,4,11,5,3,0.15,119010
394,Meat,Mudik_Lebaran,Urban_Center,Refrigerated,3,1,52,38,45,45,22572,0.94,2.93,0.148,0,7,7,1,8,0.1538,180576
395,Frozen,Promo_Besar,Near_Transport_Hub,Frozen,39,32,4400,121,150,4400,95149,0.97,4.53,0.061,1,1,9,1,0,0.0,0
396,Fruits,Hari_Raya_Idul_Adha,Near_Transport_Hub,Controlled_Atmosphere,4,2,158,62,60,120,62177,0.61,0.29,0.098,0,2,9,2,17,0.1076,1057009
397,Beverages,Normal,Rural,Controlled_Atmosphere,243,214,22567,101,70,14980,35954,0.92,0.84,0.032,1,6,2,4,369,0.0164,13267026
398,Beverages,Normal,Near_Transport_Hub,Controlled_Atmosphere,185,61,2854,36,33,2013,28513,0.95,0.36,0.024,0,5,1,1,31,0.0109,883903
399,Bakery,Pasca_Mudik,Near_Transport_Hub,Frozen,3,2,65,29,38,65,7953,0.94,4.37,0.213,1,1,8,4,0,0.0,0
400,Ready_to_Eat,Ramadan,Urban_Center,Refrigerated,3,1,59,48,43,43,69702,0.74,3.64,0.281,0,4,12,1,8,0.1356,557616
401,Bakery,Hari_Raya_Idul_Adha,Near_Transport_Hub,Controlled_Atmosphere,1,1,54,39,29,29,5792,0.71,0.72,0.19,0,2,3,5,14,0.2593,81088
402,Frozen,Back_to_School,Near_Transport_Hub,Frozen,37,29,1376,40,37,1073,82809,0.98,0.42,0.044,0,2,7,1,18,0.0131,1490562
403,Meat,Back_to_School,Urban_Center,Frozen,5,4,679,136,197,679,114575,0.9,4.55,0.127,1,5,10,2,1,0.0015,114575
404,Snacks,Ramadan,Residential_Area,Controlled_Atmosphere,149,89,11674,134,78,6942,24761,0.63,0.54,0.037,0,2,9,5,383,0.0328,9483463
405,Fruits,Pasca_Mudik,Suburban,Refrigerated,3,2,165,81,65,130,60410,0.99,0.55,0.088,0,6,9,3,6,0.0364,362460
406,Beverages,Normal,Urban_Center,Controlled_Atmosphere,203,61,6598,86,124,6598,46139,0.87,0.84,0.025,1,6,12,5,4,0.0006,184556
407,Seafood,Normal,Residential_Area,Room_Temperature,3,2,38,18,14,28,133017,0.63,0.31,0.271,0,4,2,3,7,0.1842,931119
408,Snacks,Long_Weekend,Rural,Controlled_Atmosphere,141,109,9390,49,28,3052,32323,0.93,0.14,0.031,0,2,12,5,397,0.0423,12832231
409,Beverages,Mudik_Lebaran,Suburban,Frozen,90,78,2021,20,12,936,23978,0.62,0.77,0.028,0,3,5,4,123,0.0609,2949294
410,Frozen,Normal,Rural,Frozen,85,24,1530,57,35,840,23855,0.95,2.09,0.052,0,3,7,4,76,0.0497,1812980
411,Meat,Pasca_Mudik,Near_Transport_Hub,Controlled_Atmosphere,7,4,243,59,70,243,124832,0.85,0.62,0.168,0,3,9,1,5,0.0206,624160
412,Fruits,Ramadan,Suburban,Refrigerated,7,5,657,117,89,445,30221,0.98,2.71,0.139,0,5,4,4,39,0.0594,1178619
413,Snacks,Normal,Urban_Center,Frozen,160,53,3012,46,43,2279,34113,0.63,2.67,0.036,0,4,1,3,96,0.0319,3274848
414,Vegetables,Normal,Urban_Center,Refrigerated,2,1,39,39,59,39,8873,0.66,4.76,0.155,1,3,3,1,0,0.0,0
415,Vegetables,Normal,Rural,Frozen,5,1,16,14,7,7,41406,0.69,2.54,0.14,0,3,1,3,5,0.3125,207030
416,Dairy,Mudik_Lebaran,Suburban,Refrigerated,7,5,215,36,27,135,41353,0.86,0.63,0.156,0,7,11,5,40,0.186,1654120
417,Snacks,Promo_Besar,Suburban,Controlled_Atmosphere,176,143,19094,109,101,14443,23956,0.86,0.17,0.029,0,3,10,3,185,0.0097,4431860
418,Seafood,Ramadan,Residential_Area,Frozen,1,1,121,119,77,77,128626,0.88,4.15,0.25,0,4,4,5,28,0.2314,3601528
419,Vegetables,Ramadan,Near_Transport_Hub,Frozen,3,2,179,70,97,179,24525,0.61,3.46,0.152,1,4,1,1,5,0.0279,122625
420,Beverages,Long_Weekend,Residential_Area,Refrigerated,362,334,7442,13,7,2338,49014,0.78,0.62,0.038,0,5,6,4,470,0.0632,23036580
421,Dairy,Normal,Rural,Room_Temperature,10,1,49,41,21,21,49600,0.97,1.79,0.113,0,3,12,2,7,0.1429,347200
422,Dairy,Normal,Residential_Area,Room_Temperature,3,1,108,87,69,69,42296,0.8,0.85,0.122,0,6,11,5,9,0.0833,380664
423,Bakery,Normal,Residential_Area,Room_Temperature,5,3,103,38,35,103,25707,0.87,3.07,0.222,0,1,7,1,3,0.0291,77121
424,Fruits,Normal,Residential_Area,Controlled_Atmosphere,10,6,624,83,49,294,34431,0.62,0.92,0.122,0,4,4,3,59,0.0946,2031429
425,Seafood,Promo_Besar,Near_Transport_Hub,Refrigerated,2,1,52,57,54,52,188917,0.64,2.4,0.261,0,6,6,3,2,0.0385,377834
426,Dairy,Long_Weekend,Residential_Area,Room_Temperature,4,3,193,60,71,193,34258,0.83,0.43,0.11,1,3,12,1,3,0.0155,102774
427,Dairy,Normal,Near_Transport_Hub,Refrigerated,4,3,51,17,12,36,29999,0.76,3.09,0.142,0,7,11,5,7,0.1373,209993
428,Ready_to_Eat,Ramadan,Rural,Refrigerated,2,1,104,111,49,49,49005,0.89,2.96,0.301,0,2,11,5,30,0.2885,1470150
429,Ready_to_Eat,Mudik_Lebaran,Suburban,Room_Temperature,1,1,12,9,6,6,72897,0.86,1.79,0.263,0,2,3,4,6,0.5,437382
430,Dairy,Pasca_Mudik,Suburban,Refrigerated,6,5,887,166,179,887,17806,0.99,3.2,0.123,1,2,11,4,4,0.0045,71224
431,Vegetables,Hari_Raya_Idul_Adha,Residential_Area,Frozen,6,3,113,35,23,69,5765,0.8,4.6,0.152,0,4,10,2,20,0.177,115300
432,Frozen,Normal,Suburban,Refrigerated,122,2,38,17,12,24,33664,0.72,0.97,0.053,0,1,1,2,3,0.0789,100992
433,Meat,Normal,Residential_Area,Room_Temperature,3,1,10,10,7,7,33263,0.61,3.39,0.167,0,1,6,2,2,0.2,66526
434,Meat,Back_to_School,Residential_Area,Controlled_Atmosphere,7,1,34,27,24,24,124188,0.68,0.53,0.201,0,4,11,2,6,0.1765,745128
435,Seafood,Hari_Raya_Idul_Adha,Rural,Room_Temperature,3,1,12,10,5,5,58150,0.94,4.84,0.271,1,1,8,5,9,0.75,523350
436,Snacks,Normal,Residential_Area,Controlled_Atmosphere,82,42,2617,57,46,1932,37426,0.79,0.58,0.043,0,6,1,2,44,0.0168,1646744
437,Frozen,Normal,Near_Transport_Hub,Controlled_Atmosphere,176,41,1952,51,57,1952,26013,0.72,0.52,0.042,1,5,10,3,3,0.0015,78039
438,Vegetables,Long_Weekend,Rural,Frozen,5,1,25,21,16,16,7973,0.74,0.41,0.169,0,6,2,3,2,0.08,15946
439,Vegetables,Normal,Suburban,Frozen,3,2,93,38,50,93,47796,0.94,0.95,0.149,1,7,12,5,2,0.0215,95592
440,Fruits,Long_Weekend,Near_Transport_Hub,Controlled_Atmosphere,3,2,209,65,75,150,24566,0.95,0.23,0.136,1,2,9,5,23,0.11,565018
441,Beverages,Normal,Urban_Center,Frozen,126,55,5619,95,119,5619,41598,0.61,0.69,0.037,0,6,1,4,2,0.0004,83196
442,Seafood,Mudik_Lebaran,Near_Transport_Hub,Frozen,3,1,62,36,36,36,65289,0.99,4.97,0.229,0,5,10,4,19,0.3065,1240491
443,Bakery,Pasca_Mudik,Suburban,Controlled_Atmosphere,1,1,201,174,163,163,12982,0.64,0.1,0.206,1,6,10,4,12,0.0597,155784
444,Fruits,Normal,Rural,Refrigerated,10,1,55,57,44,44,58852,0.76,4.95,0.093,0,6,2,4,4,0.0727,235408
445,Seafood,Normal,Near_Transport_Hub,Room_Temperature,3,1,86,80,70,70,77875,0.6,0.71,0.162,0,7,4,5,8,0.093,623000
446,Beverages,Mudik_Lebaran,Urban_Center,Refrigerated,177,166,6947,25,22,3652,24493,0.76,4.12,0.036,0,2,10,4,696,0.1002,17047128
447,Ready_to_Eat,Normal,Urban_Center,Room_Temperature,1,1,106,91,143,106,14374,0.88,3.61,0.208,0,7,9,1,0,0.0,0
448,Snacks,Long_Weekend,Rural,Controlled_Atmosphere,117,22,569,25,17,374,6750,0.63,0.69,0.046,0,6,7,2,17,0.0299,114750
449,Meat,Normal,Near_Transport_Hub,Controlled_Atmosphere,5,1,19,20,20,19,144520,0.78,0.47,0.156,1,7,1,5,4,0.2105,578080
450,Frozen,Normal,Urban_Center,Frozen,69,57,3176,47,57,3176,84769,0.69,3.48,0.06,0,6,11,1,0,0.0,0
451,Ready_to_Eat,Normal,Near_Transport_Hub,Room_Temperature,1,1,31,35,36,31,11831,1.0,1.69,0.204,0,2,2,2,4,0.129,47324
452,Bakery,Long_Weekend,Rural,Room_Temperature,5,2,139,52,24,48,10615,0.69,1.78,0.161,0,3,1,4,39,0.2806,413985
453,Fruits,Ramadan,Rural,Refrigerated,4,1,96,85,39,39,18344,0.89,3.96,0.15,0,3,2,5,20,0.2083,366880
454,Meat,Normal,Rural,Controlled_Atmosphere,2,1,13,12,7,7,70118,0.8,0.74,0.18,0,1,4,1,4,0.3077,280472
455,Seafood,Natal_Tahun_Baru,Suburban,Refrigerated,1,1,89,91,61,61,123500,0.68,0.19,0.276,0,4,12,3,11,0.1236,1358500
456,Snacks,Long_Weekend,Near_Transport_Hub,Frozen,156,7,274,31,36,252,20876,0.68,0.27,0.05,0,7,11,2,4,0.0146,83504
457,Meat,Mudik_Lebaran,Urban_Center,Refrigerated,5,1,19,11,7,7,142981,0.68,0.46,0.19,0,2,4,5,8,0.4211,1143848
458,Meat,Natal_Tahun_Baru,Suburban,Controlled_Atmosphere,3,1,75,70,45,45,103309,0.68,0.86,0.178,0,3,7,4,14,0.1867,1446326
459,Ready_to_Eat,Natal_Tahun_Baru,Suburban,Controlled_Atmosphere,1,1,139,116,119,119,70393,0.72,0.54,0.258,1,4,8,3,13,0.0935,915109
460,Beverages,Normal,Suburban,Controlled_Atmosphere,130,40,1344,27,18,720,29527,0.8,0.93,0.038,0,3,7,4,51,0.0379,1505877
461,Frozen,Hari_Raya_Idul_Adha,Urban_Center,Controlled_Atmosphere,174,42,1631,22,26,1092,60688,0.8,0.49,0.056,0,6,7,4,57,0.0349,3459216
462,Vegetables,Ramadan,Urban_Center,Room_Temperature,4,3,345,120,164,345,19214,0.84,4.76,0.169,1,7,2,4,0,0.0,0
463,Snacks,Back_to_School,Near_Transport_Hub,Room_Temperature,166,110,7019,58,73,7019,39943,0.86,1.91,0.035,0,6,2,1,2,0.0003,79886
464,Meat,Normal,Suburban,Controlled_Atmosphere,7,3,40,11,7,21,20206,0.64,0.77,0.171,0,3,12,4,9,0.225,181854
465,Meat,Normal,Suburban,Refrigerated,5,2,69,29,36,69,126060,0.9,1.3,0.223,0,6,10,1,2,0.029,252120
466,Bakery,Normal,Rural,Refrigerated,3,1,82,75,53,53,27921,0.64,0.31,0.23,1,5,1,1,13,0.1585,362973
467,Ready_to_Eat,Pasca_Mudik,Rural,Controlled_Atmosphere,2,1,159,152,61,61,68337,0.74,0.32,0.211,0,4,7,5,30,0.1887,2050110
468,Bakery,Normal,Near_Transport_Hub,Room_Temperature,1,1,82,70,51,51,29707,0.7,2.26,0.222,0,5,7,2,14,0.1707,415898
469,Dairy,Ramadan,Urban_Center,Frozen,13,8,508,60,71,508,45146,0.92,1.74,0.19,0,4,11,1,1,0.002,45146
470,Meat,Hari_Raya_Idul_Adha,Residential_Area,Refrigerated,3,2,33,11,6,12,91925,0.99,2.33,0.223,0,4,11,5,13,0.3939,1195025
471,Bakery,Normal,Urban_Center,Room_Temperature,3,2,78,39,35,70,18607,0.98,3.35,0.22,0,6,12,4,4,0.0513,74428
472,Ready_to_Eat,Long_Weekend,Residential_Area,Refrigerated,3,2,149,47,38,76,57515,0.75,3.21,0.259,0,7,4,2,38,0.255,2185570
473,Bakery,Normal,Residential_Area,Room_Temperature,1,1,37,29,30,30,21904,0.89,1.55,0.211,1,4,7,3,3,0.0811,65712
474,Snacks,Ramadan,Residential_Area,Room_Temperature,73,51,884,16,9,459,14483,0.93,1.48,0.033,0,2,10,3,43,0.0486,622769
475,Dairy,Ramadan,Rural,Refrigerated,7,6,908,123,85,510,37441,0.72,4.83,0.11,0,2,12,2,143,0.1575,5354063
476,Dairy,Back_to_School,Suburban,Controlled_Atmosphere,14,7,602,74,45,315,15432,1.0,0.55,0.135,0,3,7,4,47,0.0781,725304
477,Seafood,Natal_Tahun_Baru,Residential_Area,Controlled_Atmosphere,1,1,100,89,72,72,39188,0.94,0.71,0.214,1,2,8,4,11,0.11,431068
478,Seafood,Natal_Tahun_Baru,Urban_Center,Frozen,1,1,116,109,130,116,69098,0.97,0.48,0.283,1,1,2,5,1,0.0086,69098
479,Frozen,Normal,Urban_Center,Room_Temperature,131,126,8236,51,54,6804,64200,0.91,4.96,0.055,1,4,11,4,242,0.0294,15536400
480,Dairy,Normal,Urban_Center,Refrigerated,10,9,304,30,25,225,42527,0.79,3.47,0.114,0,4,8,4,18,0.0592,765486
481,Bakery,Natal_Tahun_Baru,Residential_Area,Room_Temperature,4,3,66,18,19,57,28672,0.92,2.44,0.202,0,6,11,1,7,0.1061,200704
482,Bakery,Normal,Residential_Area,Room_Temperature,1,1,39,42,24,24,9757,0.86,0.44,0.171,0,1,2,5,7,0.1795,68299
483,Frozen,Promo_Besar,Urban_Center,Room_Temperature,106,6,1074,176,152,912,85005,0.78,2.89,0.056,0,3,10,5,24,0.0223,2040120
484,Dairy,Normal,Suburban,Room_Temperature,7,2,55,28,22,44,28531,0.71,3.65,0.143,0,3,7,2,4,0.0727,114124
485,Frozen,Back_to_School,Suburban,Room_Temperature,48,41,3286,68,53,2173,40248,0.89,2.82,0.054,0,2,7,2,142,0.0432,5715216
486,Dairy,Promo_Besar,Suburban,Refrigerated,7,1,146,131,82,82,9322,0.73,0.44,0.187,0,2,4,3,8,0.0548,74576
487,Frozen,Promo_Besar,Urban_Center,Room_Temperature,164,79,16535,191,234,16535,84331,0.74,2.86,0.043,1,1,1,2,1,0.0001,84331
488,Vegetables,Long_Weekend,Residential_Area,Controlled_Atmosphere,5,2,67,24,29,58,13190,0.86,0.14,0.146,1,6,11,3,6,0.0896,79140
489,Frozen,Natal_Tahun_Baru,Suburban,Controlled_Atmosphere,120,103,11447,110,133,11447,71068,0.81,0.72,0.063,1,6,2,3,0,0.0,0
490,Bakery,Normal,Suburban,Refrigerated,2,1,23,21,19,19,19149,0.92,0.05,0.254,0,6,3,4,6,0.2609,114894
491,Snacks,Natal_Tahun_Baru,Near_Transport_Hub,Refrigerated,138,49,983,17,10,490,27613,0.7,3.69,0.051,0,5,11,5,76,0.0773,2098588
492,Snacks,Back_to_School,Suburban,Refrigerated,106,18,1507,91,74,1332,37473,0.75,1.87,0.031,0,2,9,1,19,0.0126,711987
493,Seafood,Normal,Residential_Area,Controlled_Atmosphere,2,1,115,92,81,81,146387,0.96,0.85,0.162,1,4,6,3,14,0.1217,2049418
494,Meat,Mudik_Lebaran,Urban_Center,Refrigerated,5,4,62,11,9,36,40147,0.76,4.57,0.127,0,3,4,4,17,0.2742,682499
495,Meat,Pasca_Mudik,Rural,Refrigerated,5,4,220,46,30,120,20761,0.74,4.35,0.147,1,1,3,4,26,0.1182,539786
496,Meat,Ramadan,Near_Transport_Hub,Frozen,2,1,134,110,92,92,113627,0.65,3.76,0.21,0,6,12,4,21,0.1567,2386167
497,Meat,Normal,Residential_Area,Refrigerated,7,2,35,17,17,34,147983,0.84,0.04,0.178,1,1,7,2,1,0.0286,147983
498,Seafood,Normal,Urban_Center,Frozen,2,1,41,34,30,30,52017,0.88,2.51,0.178,0,5,11,2,3,0.0732,156051
499,Fruits,Promo_Besar,Suburban,Controlled_Atmosphere,3,1,50,48,33,33,73809,0.72,0.63,0.101,0,4,1,5,2,0.04,147618
500,Fruits,Normal,Rural,Controlled_Atmosphere,6,3,35,13,8,24,47157,0.68,0.47,0.149,1,2,5,4,1,0.0286,47157
